{
  "version": "v4 predictor determinista final",
  "accuracy": 0.9825992046067571,
  "f1_weighted": 0.9822923499326801,
  "precision_weighted": 0.9819865166129627,
  "recall_weighted": 0.9825992046067571,
  "n_total": 79709,
  "n_correct": 78322,
  "n_errores": 1387,
  "pct_errores": 0.01740079539324292,
  "nota": "54 casos sin senal predictiva (Primera vez sin regla previa = 0.07%)",
  "classification_report": {
    "Continuo regular": {
      "precision": 0.99966816864019,
      "recall": 1.0,
      "f1-score": 0.9998340567875141,
      "support": 57239.0
    },
    "Final": {
      "precision": 1.0,
      "recall": 1.0,
      "f1-score": 1.0,
      "support": 2160.0
    },
    "Grado": {
      "precision": 1.0,
      "recall": 1.0,
      "f1-score": 1.0,
      "support": 9994.0
    },
    "PAP": {
      "precision": 0.994478406625912,
      "recall": 1.0,
      "f1-score": 0.9972315602135654,
      "support": 5043.0
    },
    "PAT": {
      "precision": 0.9988283538371412,
      "recall": 1.0,
      "f1-score": 0.9994138335287222,
      "support": 1705.0
    },
    "PFU": {
      "precision": 1.0,
      "recall": 1.0,
      "f1-score": 1.0,
      "support": 1578.0
    },
    "Primera vez en una carrera": {
      "precision": 0.0,
      "recall": 0.0,
      "f1-score": 0.0,
      "support": 54.0
    },
    "Recuperacion academica": {
      "precision": 0.0,
      "recall": 0.0,
      "f1-score": 0.0,
      "support": 0.0
    },
    "Recuperación académica": {
      "precision": 0.0,
      "recall": 0.0,
      "f1-score": 0.0,
      "support": 1333.0
    },
    "Reingreso": {
      "precision": 1.0,
      "recall": 1.0,
      "f1-score": 1.0,
      "support": 15.0
    },
    "Reinicio": {
      "precision": 1.0,
      "recall": 1.0,
      "f1-score": 1.0,
      "support": 70.0
    },
    "Transferencia interna": {
      "precision": 1.0,
      "recall": 1.0,
      "f1-score": 1.0,
      "support": 518.0
    },
    "accuracy": 0.9825992046067571,
    "macro avg": {
      "precision": 0.7494145774252704,
      "recall": 0.75,
      "f1-score": 0.7497066208774834,
      "support": 79709.0
    },
    "weighted avg": {
      "precision": 0.9819865166129627,
      "recall": 0.9825992046067571,
      "f1-score": 0.9822923499326801,
      "support": 79709.0
    }
  }
}