{
  "version": "v3 — predictor determinista completo",
  "accuracy": 0.9990590773940208,
  "f1_weighted": 0.9986160455830357,
  "precision_weighted": 0.9982096731928934,
  "recall_weighted": 0.9990590773940208,
  "n_total": 79709,
  "n_correct": 79634,
  "n_discrepancias": 75,
  "pct_discrepancias": 0.0009409226059792495,
  "classification_report": {
    "Continuo regular": {
      "precision": 0.99966816864019,
      "recall": 1.0,
      "f1-score": 0.9998340567875141,
      "support": 57239.0
    },
    "Final": {
      "precision": 1.0,
      "recall": 1.0,
      "f1-score": 1.0,
      "support": 2160.0
    },
    "Grado": {
      "precision": 1.0,
      "recall": 1.0,
      "f1-score": 1.0,
      "support": 9994.0
    },
    "PAP": {
      "precision": 0.994478406625912,
      "recall": 1.0,
      "f1-score": 0.9972315602135654,
      "support": 5043.0
    },
    "PAT": {
      "precision": 0.9988283538371412,
      "recall": 1.0,
      "f1-score": 0.9994138335287222,
      "support": 1705.0
    },
    "PFU": {
      "precision": 0.6612903225806451,
      "recall": 1.0,
      "f1-score": 0.7961165048543689,
      "support": 41.0
    },
    "Primera vez en una carrera": {
      "precision": 0.0,
      "recall": 0.0,
      "f1-score": 0.0,
      "support": 75.0
    },
    "Recuperación académica": {
      "precision": 0.9962630792227205,
      "recall": 1.0,
      "f1-score": 0.9981280419318608,
      "support": 1333.0
    },
    "Reingreso": {
      "precision": 1.0,
      "recall": 1.0,
      "f1-score": 1.0,
      "support": 1447.0
    },
    "Reinicio": {
      "precision": 1.0,
      "recall": 1.0,
      "f1-score": 1.0,
      "support": 128.0
    },
    "Transferencia interna": {
      "precision": 1.0,
      "recall": 1.0,
      "f1-score": 1.0,
      "support": 544.0
    },
    "accuracy": 0.9990590773940208,
    "macro avg": {
      "precision": 0.8773207573551464,
      "recall": 0.9090909090909091,
      "f1-score": 0.8900658179378211,
      "support": 79709.0
    },
    "weighted avg": {
      "precision": 0.9982096731928934,
      "recall": 0.9990590773940208,
      "f1-score": 0.9986160455830357,
      "support": 79709.0
    }
  },
  "comparativa": {
    "v1_xgboost": {
      "accuracy": 0.9379,
      "f1": 0.9363
    },
    "v2_determinista": {
      "accuracy": 0.9725,
      "f1": 0.9697
    },
    "v3_completo": {
      "accuracy": 0.9990590773940208,
      "f1": 0.9986160455830357
    }
  }
}