{
  "version": "v2 — predictor determinista",
  "accuracy": 0.9724748773664204,
  "f1_weighted": 0.969685741469814,
  "precision_weighted": 0.9704023227348049,
  "recall_weighted": 0.9724748773664204,
  "n_total": 79709,
  "n_correct": 77515,
  "n_discrepancias": 2194,
  "pct_discrepancias": 0.027525122633579646,
  "classification_report": {
    "Continuo regular": {
      "precision": 0.9986565705911089,
      "recall": 0.9773584905660377,
      "f1-score": 0.9878927520473589,
      "support": 58565.0
    },
    "Grado": {
      "precision": 1.0,
      "recall": 1.0,
      "f1-score": 1.0,
      "support": 9994.0
    },
    "PAP": {
      "precision": 0.9675748273215656,
      "recall": 1.0,
      "f1-score": 0.9835202340321795,
      "support": 5043.0
    },
    "PAT": {
      "precision": 0.9393939393939394,
      "recall": 1.0,
      "f1-score": 0.96875,
      "support": 1705.0
    },
    "PFU": {
      "precision": 0.5864641620037303,
      "recall": 1.0,
      "f1-score": 0.7393349009069533,
      "support": 2201.0
    },
    "Primera vez en una carrera": {
      "precision": 0.0,
      "recall": 0.0,
      "f1-score": 0.0,
      "support": 868.0
    },
    "Recuperación académica": {
      "precision": 0.8233477455219271,
      "recall": 1.0,
      "f1-score": 0.9031165311653117,
      "support": 1333.0
    },
    "accuracy": 0.9724748773664204,
    "macro avg": {
      "precision": 0.7593481778331815,
      "recall": 0.8539083557951483,
      "f1-score": 0.7975163454502576,
      "support": 79709.0
    },
    "weighted avg": {
      "precision": 0.9704023227348049,
      "recall": 0.9724748773664204,
      "f1-score": 0.969685741469814,
      "support": 79709.0
    }
  }
}