{
  "Aspirante inscrito": {
    "precision": 0.1238390092879257,
    "recall": 0.7272727272727273,
    "f1-score": 0.21164021164021163,
    "support": 55.0
  },
  "Continuo regular": {
    "precision": 0.9469068276122218,
    "recall": 0.9084411471998552,
    "f1-score": 0.9272752458789306,
    "support": 11053.0
  },
  "Exclusión": {
    "precision": 0.3466135458167331,
    "recall": 0.8207547169811321,
    "f1-score": 0.48739495798319327,
    "support": 106.0
  },
  "Grado": {
    "precision": 0.994961370507222,
    "recall": 0.990304246071548,
    "f1-score": 0.9926273458445041,
    "support": 2991.0
  },
  "PAP": {
    "precision": 0.5506653019447287,
    "recall": 0.5363908275174477,
    "f1-score": 0.5434343434343434,
    "support": 1003.0
  },
  "PAT": {
    "precision": 0.4666666666666667,
    "recall": 0.5658682634730539,
    "f1-score": 0.5115020297699594,
    "support": 334.0
  },
  "PFU": {
    "precision": 0.6512820512820513,
    "recall": 0.627677100494234,
    "f1-score": 0.639261744966443,
    "support": 607.0
  },
  "Primera vez en una carrera": {
    "precision": 0.9912165129556434,
    "recall": 0.8222222222222222,
    "f1-score": 0.8988450816407806,
    "support": 2745.0
  },
  "Recuperación académica": {
    "precision": 0.372,
    "recall": 0.7322834645669292,
    "f1-score": 0.493368700265252,
    "support": 127.0
  },
  "Reingreso": {
    "precision": 0.21568627450980393,
    "recall": 0.30414746543778803,
    "f1-score": 0.25239005736137665,
    "support": 217.0
  },
  "Reinicio": {
    "precision": 0.41798941798941797,
    "recall": 0.9404761904761905,
    "f1-score": 0.5787545787545788,
    "support": 84.0
  },
  "Transferencia interna": {
    "precision": 0.3041958041958042,
    "recall": 0.8055555555555556,
    "f1-score": 0.4416243654822335,
    "support": 108.0
  },
  "accuracy": 0.8656716417910447,
  "macro avg": {
    "precision": 0.5318352318973515,
    "recall": 0.7317828272723904,
    "f1-score": 0.5815098885851505,
    "support": 19430.0
  },
  "weighted avg": {
    "precision": 0.8992309049610887,
    "recall": 0.8656716417910447,
    "f1-score": 0.8783546576161665,
    "support": 19430.0
  }
}